 index ,        artists         ,           id           , marketsize 
     0 , 3CjlHNtplJyTf9npxaPl5w , 6TEN694l8ifhIRfknsG8DX ,         10 , Every Open Eye
     1 , 3CjlHNtplJyTf9npxaPl5w , 1icGjif3DwL3PGKrKfuYh1 ,          3 , Every Open Eye
     2 , 3CjlHNtplJyTf9npxaPl5w , 2Zks3PkvBH0Kl2W1X67VHT ,         15 , Every Open Eye
     3 , 3CjlHNtplJyTf9npxaPl5w , 7IuEdviBeNzrMUE0InVimK ,         25 , Every Open Eye
     4 , 3CjlHNtplJyTf9npxaPl5w , 6nsk6T7ceOvkBbro8agEv7 ,          2 , Every Open Eye
     5 , 3CjlHNtplJyTf9npxaPl5w , 0WWiyCTbLa7yJ0XsRSLCO2 ,          3 , Every Open Eye (Special Edition)
     6 , 3CjlHNtplJyTf9npxaPl5w , 4E61vCQ3Ty0er5FmJF68tQ ,         15 , Every Open Eye (Special Edition)
     7 , 3CjlHNtplJyTf9npxaPl5w , 6qRpXui3PWubskblkUNUls ,          3 , Every Open Eye (Special Edition)
     8 , 3CjlHNtplJyTf9npxaPl5w , 2UGwrHVjQHpoNBO15b3JZI ,         10 , Every Open Eye (Special Edition)
     9 , 3CjlHNtplJyTf9npxaPl5w , 08dIf2VIl0WcdvVWGSeKyB ,         26 , Every Open Eye (Special Edition)
    10 , 3CjlHNtplJyTf9npxaPl5w , 6Mj9SJrXbAjQgYaiSEiSis ,          2 , Every Open Eye (Special Edition)
    11 , 3CjlHNtplJyTf9npxaPl5w , 0cb7edKSzeGxNwY5WNqcSy ,          6 , The Bones Of What You Believe (Asia Deluxe Edition)
    12 , 3CjlHNtplJyTf9npxaPl5w , 2lbPtoYE3IkjxafXGqPSow ,          2 , The Bones Of What You Believe (Alternatives & Extras)
    13 , 3CjlHNtplJyTf9npxaPl5w , 7AZwjb564oySoQq4orYuVm ,          2 , The Bones Of What You Believe (Deluxe Edition)
    14 , 3CjlHNtplJyTf9npxaPl5w , 3Vid4I2pEkZT6AGUZjAIiY ,         24 , The Bones Of What You Believe (Special Edition)
    15 , 3CjlHNtplJyTf9npxaPl5w , 03U41p2XNP3oP3REeEDMrQ ,         27 , The Bones Of What You Believe
    16 , 3CjlHNtplJyTf9npxaPl5w , 54IMJ8S0redmP6krSlKZLD ,          3 , The Bones Of What You Believe (Special Edition)
    17 , 3CjlHNtplJyTf9npxaPl5w , 4mJDS3LoUwlQoHwWPA51mP ,          3 , The Bones Of What You Believe
    18 , 3CjlHNtplJyTf9npxaPl5w , 3c1JDmgLbqVAiOcbMxqddk ,         26 , The Bones Of What You Believe
    19 , 3CjlHNtplJyTf9npxaPl5w , 4DjNAsJkZAro2gDzeisQY5 ,          3 , The Bones Of What You Believe
    20 , 7jgZFR40bWjwOrRCOZFB02 , 24Nm4WqbpFrtAsgE5Ba3ab ,         59 , Representing
    21 , 7jgZFR40bWjwOrRCOZFB02 , 0qBjHqlUAambM981Wpuwd5 ,         59 , SoundWaves EP
    22 , 7jgZFR40bWjwOrRCOZFB02 , 06tfjVe3cjac8Z8ZEBfUyF ,         59 , The Harvest
    23 , 7jgZFR40bWjwOrRCOZFB02 , 6wmbkqwaT1z87mPMKxxhfN ,         59 , Tribal Seeds
    24 , 7jgZFR40bWjwOrRCOZFB02 , 5AdpW5SHZtcmEcycOWNmH1 ,         59 , Youth Rebellion
    25 , 7jgZFR40bWjwOrRCOZFB02 , 76pODAsFQHsBCN9VLjwlUu ,         59 , Surrender
    26 , 7jgZFR40bWjwOrRCOZFB02 , 0nMH3Q406uPsjmZQsFRMTB ,         59 , Night & Day
    27 , 7jgZFR40bWjwOrRCOZFB02 , 02eY83jFAZaYWrBbUvOfeQ ,         59 , Did Wrong
    28 , 7jgZFR40bWjwOrRCOZFB02 , 07nDwKS7pj7F87axbJlDgy ,         59 , Run the Show
    29 , 7jgZFR40bWjwOrRCOZFB02 , 1C3T1tpAbKEs8BOmQ35wvz ,         59 , In Your Eyes
    30 , 7jgZFR40bWjwOrRCOZFB02 , 3guYJf8Iwtt7Y8f9a4RQED ,         59 , Music Unites - Healing of a Nation
    31 , 7jgZFR40bWjwOrRCOZFB02 , 24WsGuWkmtz8iTjEzQKOdG ,         59 , Music Unites - Reggae Around the World, Vol. 3
    32 , 7jgZFR40bWjwOrRCOZFB02 , 63nZF2UG6NcaJssvpdclZz ,         59 , Live Love Stay Up
    33 , 7jgZFR40bWjwOrRCOZFB02 , 1Dju1lrvKrxeBzxgoIyKEv ,         59 , If He's King Then I'm God
    34 , 5aYyPjAsLj7UzANzdupwnS , 6ygkkg1otZVwLIsSHl1mMi ,         51 , Good Charlotte/The Young And The Hopeless
    35 , 5aYyPjAsLj7UzANzdupwnS , 02abrECBsxdR3Ywjy1hCuW ,         58 , Greatest Hits
    36 , 5aYyPjAsLj7UzANzdupwnS , 08utRHYjRSDcceEsjFRFX0 ,         59 , Cardiology
    37 , 5aYyPjAsLj7UzANzdupwnS , 3yPPuXqgPX4CSwIi1rFwip ,         38 , Greatest Remixes
    38 , 5aYyPjAsLj7UzANzdupwnS , 1Ytwzdm3at2LPYkiu4PgvI ,         59 , Greatest Remixes
    39 , 5aYyPjAsLj7UzANzdupwnS , 2JOD034YKsD5xUbLjqU93N ,         32 , Greatest Remixes
    40 , 5aYyPjAsLj7UzANzdupwnS , 28G7R3qhVdzv4TxJmMOMtT ,         54 , Greatest Remixes
    41 , 5aYyPjAsLj7UzANzdupwnS , 7jrAXNFMAIAABaC8DnWrUy ,          1 , Good Morning Revival
    42 , 5aYyPjAsLj7UzANzdupwnS , 6vD99muv41KUdmihkoWxRk ,          2 , Good Morning Revival
    43 , 5aYyPjAsLj7UzANzdupwnS , 3QjPkTWZbHFiCSTuSoTOYm ,          1 , Good Morning Revival
    44 , 5aYyPjAsLj7UzANzdupwnS , 35Pl7U7hoA3zrARtjvkqV8 ,          2 , Good Morning Revival
    45 , 5aYyPjAsLj7UzANzdupwnS , 1rJyIZrxWEKDp0m4hSyeH8 ,          1 , Good Morning Revival
    46 , 5aYyPjAsLj7UzANzdupwnS , 542tacdtTzqDY7BsZ9k11p ,          1 , Good Morning Revival
    47 , 5aYyPjAsLj7UzANzdupwnS , 2KaPYURAuu9raFmcm6YFTu ,         28 , Good Morning Revival
    48 , 5aYyPjAsLj7UzANzdupwnS , 1qjyweGZntsbfbnxAbH4Go ,         56 , Good Morning Revival
    49 , 5aYyPjAsLj7UzANzdupwnS , 5skjlzXO7wZ6OuS9YKdI50 ,         29 , Good Morning Revival
    50 , 5aYyPjAsLj7UzANzdupwnS , 4LBfmZzMVu6syePrYFv9sb ,         24 , Good Morning Revival
    51 , 5aYyPjAsLj7UzANzdupwnS , 5jp5Ux1yUcNrvAHtg6iEaB ,         32 , Good Morning Revival
    52 , 5aYyPjAsLj7UzANzdupwnS , 6PofftBaaA0h3rKItVrycu ,          2 , The Chronicles of Life and Death (TARGET/"DEATH" art version)
    53 , 5aYyPjAsLj7UzANzdupwnS , 2QlW9mfySjWknVcl6IMIBY ,          2 , The Chronicles of Life and Death (TARGET/"LIFE" art version)
    54 , 3wyfo3svXNWnszGAEVey11 , 5X0zIlLMa4uAQKpaUTTDMF ,          1 , Forcefield
    55 , 3wyfo3svXNWnszGAEVey11 , 7D1PjzA7iNGsOslaN1wiYP ,         40 , Forcefield
    56 , 3wyfo3svXNWnszGAEVey11 , 2JK70wHaFHeqSkeHTPYHCi ,          1 , Forcefield
    57 , 3wyfo3svXNWnszGAEVey11 , 1xeXOhXRCOFwKoy7mru8T1 ,          4 , Forcefield
    58 , 3wyfo3svXNWnszGAEVey11 , 6RkYrcy2onT4caYhrk3Lk1 ,          1 , Ten Songs, Ten Years, Ten Days
    59 , 3wyfo3svXNWnszGAEVey11 , 5iunOvlERFqPA1HhROCIJg ,         38 , Champ (Remixes and Bonus Tracks)
    60 , 3wyfo3svXNWnszGAEVey11 , 68RCa5ygOnmybnSPnbMX1T ,          1 , Champ
    61 , 3wyfo3svXNWnszGAEVey11 , 3RctBF32H2dvLBj5DVXxoI ,          1 , Champ
    62 , 3wyfo3svXNWnszGAEVey11 , 6veqs8OBrIYJCsxu9bT380 ,         10 , Champ
    63 , 3wyfo3svXNWnszGAEVey11 , 3mv3HYb6LdY544Tmi6AFbB ,          1 , Champ (Deluxe Edition)
    64 , 3wyfo3svXNWnszGAEVey11 , 03Rr2AyVORG0UvBtfBl2Vr ,         30 , Elephant Shell Bonus Disc
    65 , 3wyfo3svXNWnszGAEVey11 , 4xRg914kbCOUm3LkSqGcDW ,          1 , Elephant Shell
    66 , 3wyfo3svXNWnszGAEVey11 , 5kqDdFpLpUuNdgClnlxN1K ,         38 , Elephant Shell
    67 , 3wyfo3svXNWnszGAEVey11 , 2LtCxL7Voyr5o8UWDxdMVo ,          1 , Elephant Shell
    68 , 3wyfo3svXNWnszGAEVey11 , 08ejYOtFN1gUz3hzhI3a7n ,         59 , Live at Lollapalooza 2007: Tokyo Police Club
    69 , 3wyfo3svXNWnszGAEVey11 , 0ITPyK5DJrDkRwHWIbLad5 ,         38 , A Lesson In Crime (Remixes)
    70 , 3wyfo3svXNWnszGAEVey11 , 6iucjMeZQ4rVmPFhSqO5xf ,         58 , Live From Soho - EP
    71 , 3wyfo3svXNWnszGAEVey11 , 1icjhNcbUTwBYc3wAdoIxs ,         59 , A Lesson In Crime
    72 , 3wyfo3svXNWnszGAEVey11 , 5diZ4ILztW0uRteIE9SWIl ,          1 , A Lesson In Crime
    73 , 3wyfo3svXNWnszGAEVey11 , 26E6SLKlQ9GeZSmSYWGma8 ,          1 , A Lesson In Crime
    74 , 4zymhxzJ0UJc74tMHGyoWs , 5ecpEl4Hfv5HcGARqGFgNl ,          2 , Irreverence
    75 , 4zymhxzJ0UJc74tMHGyoWs , 4D2icCLhYWyP6DYNhxNzok ,         16 , Irreverence
    76 , 4zymhxzJ0UJc74tMHGyoWs , 6ZXwgwzDnroKH69EyBsLlI ,         34 , Irreverence [Special Edition]
    77 , 4zymhxzJ0UJc74tMHGyoWs , 0Ng43Zyxc20jXtc7cDXX67 ,         59 , No Stopping Us [feat. Foreign Beggars] [Remixes]
    78 , 4zymhxzJ0UJc74tMHGyoWs , 2SYIZyTLCInvtSc9CQWnyK ,         59 , Neckbreaker
    79 , 4zymhxzJ0UJc74tMHGyoWs , 1GoeDPuDQ8II0ZM6ukLvlv ,         59 , Write Your Future Remixes
    80 , 4zymhxzJ0UJc74tMHGyoWs , 50MUSom5pwZxQogv3KJm2f ,         59 , Write Your Future
    81 , 4zymhxzJ0UJc74tMHGyoWs , 7JW8S2x4Dk73lSNakfaEp0 ,         59 , Walk In The Fire
    82 , 4zymhxzJ0UJc74tMHGyoWs , 6wUuNVFxiu69MTwoa50qWP ,         16 , Walk in the Fire
    83 , 4zymhxzJ0UJc74tMHGyoWs , 7InRPq0PYPhTYTBGkSG0Cl ,         16 , Hanging On Me (feat. Liela Moss) [Remixes]
    84 , 4zymhxzJ0UJc74tMHGyoWs , 6sNYJIUQkcrmMx2DQBkchp ,         59 , Hanging on Me (feat. Liela Moss) [Remixes]
    85 , 4zymhxzJ0UJc74tMHGyoWs , 2g7ipfrMH4oPS3hJJvN4HI ,         59 , No Stopping Us [feat. Foreign Beggars]
    86 , 4zymhxzJ0UJc74tMHGyoWs , 3zab7et6F5BS1Zz5eyESpn ,         59 , DIRTY
    87 , 4zymhxzJ0UJc74tMHGyoWs , 20ccUKvZmFcMCgDgRL44C3 ,          8 , Dirty
    88 , 4zymhxzJ0UJc74tMHGyoWs , 3ayf8incUmxoRXg3ss3kcM ,         59 , The Tarantino EP
    89 , 4zymhxzJ0UJc74tMHGyoWs , 5RCiyIm3KmGNXgsMolEOSp ,         59 , Teleportation / Glow
    90 , 4zymhxzJ0UJc74tMHGyoWs , 29TUFI50iMG5eDUALD7vLr ,         59 , Vandals / Lottery
    91 , 4zymhxzJ0UJc74tMHGyoWs , 5e85HxPbfeR9tJeOHRHQgL ,         59 , French Fuck / Bonus Level
    92 , 4zymhxzJ0UJc74tMHGyoWs , 0YrUMVBf5s8EkKB6cTX8cv ,         40 , Dim Mak Greatest Hits 2015: Remixes
    93 , 4zymhxzJ0UJc74tMHGyoWs , 2G69aw92IPMieqg7xBeNQG ,         19 , Dim Mak Greatest Hits 2015: Remixes
    94 , 3yrQJxTTj7xS2deLcXiEM3 , 6ZvzfNJb1o43Zjy6djOCEF ,         59 , Big Dark Love
    95 , 3yrQJxTTj7xS2deLcXiEM3 , 46zFpVYLRFMjmO06oPDug3 ,         59 , Big Dark Love
    96 , 3yrQJxTTj7xS2deLcXiEM3 , 4oM5TIRUb8o809GKIkgg3x ,         59 , Bitter Drink, Bitter Moon
    97 , 3yrQJxTTj7xS2deLcXiEM3 , 4oWURGaQQdUflbYhnqHThT ,          1 , Good Morning, Magpie
    98 , 3yrQJxTTj7xS2deLcXiEM3 , 4H9zv7r0PgFZiiXAD5pT8Y ,          1 , Good Morning, Magpie
    99 , 3yrQJxTTj7xS2deLcXiEM3 , 2WXPAiey31XjT4TiNV8Aec ,         32 , Good Morning, Magpie
   100 , 3yrQJxTTj7xS2deLcXiEM3 , 0yuaoFIyhHMcaSTAUgWrAY ,         59 , Finch
   101 , 3yrQJxTTj7xS2deLcXiEM3 , 7BtIcsyJa84UMYQ5XmFwNi ,          1 , Red Of Tooth And Claw
   102 , 3yrQJxTTj7xS2deLcXiEM3 , 7M4ufT8HSnsL1Sair1oIMl ,          2 , Red Of Tooth And Claw
   103 , 3yrQJxTTj7xS2deLcXiEM3 , 615opUK4xn4V9ZUw1qPICi ,         23 , Red Of Tooth And Claw
   104 , 3yrQJxTTj7xS2deLcXiEM3 , 5gNYiD8eUP7McN6eCGqIff ,         59 , Like the Exorcist, but More Breakdancing
   105 , 3yrQJxTTj7xS2deLcXiEM3 , 7Mg72X4uTsmzb0DJWnBTpB ,         56 , Like the Exorcist But More Like Breakdancing
   106 , 3yrQJxTTj7xS2deLcXiEM3 , 5YFakrXjTR3bpwrQKMT4Dw ,          1 , In Bocca Al Lupo
   107 , 3yrQJxTTj7xS2deLcXiEM3 , 1KLItHfpQCp5xmdXRFuB6d ,         48 , In Bocca Al Lupo
   108 , 3yrQJxTTj7xS2deLcXiEM3 , 6dLsssMQLjzWPr668rkpaP ,         59 , Who Will Survive, and What Will Be Left of Them?
   109 , 3yrQJxTTj7xS2deLcXiEM3 , 2jy1FKOi32rAG7KtjlAjqD ,         56 , Who Will Survive and What Will Be Left of Them
   110 , 3yrQJxTTj7xS2deLcXiEM3 , 41SXFRwxjV88LDA24dnbnz ,         59 , Murder By Death On Audiotree Live
   111 , 3yrQJxTTj7xS2deLcXiEM3 , 6QhK0GyfChSZTDGkeRiWv2 ,         59 , Strange Eyes
   112 , 3yrQJxTTj7xS2deLcXiEM3 , 6klObpBXAoILkzdlv6vPWY ,          1 , Fuego! EP
   113 , 3yrQJxTTj7xS2deLcXiEM3 , 4uVkOXDYMWzRwB2h0h1XhA ,          1 , Fuego! EP
   114 , 5VsOThWOagH8C8gCvIy13k , 6YYwtH2IcuT65Jp3pBwVDQ ,         30 , Lost in New York
   115 , 5VsOThWOagH8C8gCvIy13k , 4nipLqikLaHZEfJaiE1esZ ,         18 , Lost in New York
   116 , 5VsOThWOagH8C8gCvIy13k , 468CKKWQLT0ZX905tT1DLt ,          1 , Lost In New York
   117 , 5VsOThWOagH8C8gCvIy13k , 0y4P9ebEsLjb5AfIYjAGgu ,          2 , Lost In New York
   118 , 5VsOThWOagH8C8gCvIy13k , 0TGRiYiLWLXrjvbfQqE7oo ,          1 , Penguin Prison
   119 , 5VsOThWOagH8C8gCvIy13k , 4YEZzaJ624gTeCVwBJPu4Y ,         29 , Penguin Prison
   120 , 5VsOThWOagH8C8gCvIy13k , 3HPv6F0Nl1qeYEamUGHK3u ,          1 , Penguin Prison
   121 , 5VsOThWOagH8C8gCvIy13k , 1FlUXCMKNeaQnHC3FxzSRt ,          1 , Penguin Prison
   122 , 5VsOThWOagH8C8gCvIy13k , 7Cp6ruozJwi9pigHscdBNQ ,         55 , Penguin Prison
   123 , 5VsOThWOagH8C8gCvIy13k , 1ANh23WCyXjTRh7VmuyJw3 ,          3 , Penguin Prison
   124 , 5VsOThWOagH8C8gCvIy13k , 1UgYvDiQFaNImYWZiZbE2j ,         29 , Multi-Millionaire Remixes
   125 , 5VsOThWOagH8C8gCvIy13k , 5dYLRwqwS3BHF2qDRwI1Pj ,          2 , Golden Train
   126 , 5VsOThWOagH8C8gCvIy13k , 4FQC9aIRya2EZOPnMTRUvn ,         30 , Show Me the Way (Remixes)
   127 , 5VsOThWOagH8C8gCvIy13k , 7G8P9et5BeI6icYl1TXrBV ,          1 , Show Me the Way Remix EP
   128 , 5VsOThWOagH8C8gCvIy13k , 1ogv2LoQi4U8NVXvoZkWbw ,         26 , Show Me the Way Remix EP
   129 , 5VsOThWOagH8C8gCvIy13k , 4gkM3xx7my39mbFlMCTa53 ,          2 , Show Me The Way (Remixes)
   130 , 5VsOThWOagH8C8gCvIy13k , 0vibr9hViV4Ct8jUjJ4w4Z ,         59 , Penguin Prison on Audiotree Live
   131 , 5VsOThWOagH8C8gCvIy13k , 0vZrI378CtgVxRhxt9L3qo ,         30 , Never Gets Old Remix - EP
   132 , 5VsOThWOagH8C8gCvIy13k , 0hCHXfaK94F979NMezJJXu ,         18 , Never Gets Old Remix EP
   133 , 5VsOThWOagH8C8gCvIy13k , 3rKX6LAK3bM2go5i59tWRn ,          2 , Never Gets Old (Remixes)
   134 , 5lJ4XQ2hlPlxACN7q3xKL1 , 6tcFu0TqSurn0s4unYDXSO ,         53 , The Most Lamentable Tragedy
   135 , 5lJ4XQ2hlPlxACN7q3xKL1 , 4dx4Khp1YnIcZrTTdRHy1I ,          2 , Local Business
   136 , 5lJ4XQ2hlPlxACN7q3xKL1 , 5U09FQWagzAU5HPmufUAlU ,          2 , The Monitor
   137 , 5lJ4XQ2hlPlxACN7q3xKL1 , 6NUpRcLLoLzBWcko0kzPms ,         57 , The Monitor
   138 , 5lJ4XQ2hlPlxACN7q3xKL1 , 72ELcjUGa9v82EEP2jZLsv ,         57 , The Airing Of Grievances
   139 , 5lJ4XQ2hlPlxACN7q3xKL1 , 1I54ryVuEVaYUFrc76ZnMf ,          2 , The Airing of Grievances
   140 , 5lJ4XQ2hlPlxACN7q3xKL1 , 6x4py9ucjM5lMOLsJ2fhrd ,         53 , Fired Up
   141 , 5lJ4XQ2hlPlxACN7q3xKL1 , 3wxUFm9lMMmXikm1wHZO04 ,         53 , Come On, Siobh√°n
   142 , 5lJ4XQ2hlPlxACN7q3xKL1 , 3SwJTU4l1sR8YyxBocrvPD ,         53 , Stranded ( On My Own )
   143 , 5lJ4XQ2hlPlxACN7q3xKL1 , 3WqpVkfIk7ftgFE3g0GI6y ,         53 , Fatal Flaw
   144 , 5lJ4XQ2hlPlxACN7q3xKL1 , 2goOrtXNFTfwD09W6sbG5Y ,         53 , Dimed Out
   145 , 5lJ4XQ2hlPlxACN7q3xKL1 , 3hwP0Gw44T4QgiMKsQlOM4 ,          2 , In A Big City
   146 , 5lJ4XQ2hlPlxACN7q3xKL1 , 3XsYLWHRp8NvAaLMXx93L0 ,         57 , My Time Outside The Womb
   147 , 23NIwARd4vPbxt3wwNnJ6k , 4RNew41ZeRuoRNg3YAhvpe ,         59 , Human Performance
   148 , 23NIwARd4vPbxt3wwNnJ6k , 3B1sxHUjd4edSd74M5gcBX ,         59 , Monastic Living
   149 , 23NIwARd4vPbxt3wwNnJ6k , 0Zj7AxTX3Q312lz6GLFTrt ,         57 , Content Nausea
   150 , 23NIwARd4vPbxt3wwNnJ6k , 4fqtlYReTZcjBAIhpKP2CQ ,          2 , Content Nausea
   151 , 23NIwARd4vPbxt3wwNnJ6k , 69Wxc42JRMuXkCFunDktKV ,          2 , Sunbathing Animal + Content Nausea
   152 , 23NIwARd4vPbxt3wwNnJ6k , 6QLvKr5uNyu6fwFXroL8oE ,          2 , Sunbathing Animal
   153 , 23NIwARd4vPbxt3wwNnJ6k , 2hamtboXQEXAt87uUG8Gd5 ,         57 , Sunbathing Animal
   154 , 23NIwARd4vPbxt3wwNnJ6k , 2XnEyEmpBiZDigcDsvOVCD ,         34 , Light Up Gold +Tally All The Things That You Broke
   155 , 23NIwARd4vPbxt3wwNnJ6k , 198JgCiP5oHBycAKedKHRm ,          2 , Light Up Gold + Tally All The Things That You Broke
   156 , 23NIwARd4vPbxt3wwNnJ6k , 1aYXn1WnQWLTmOpQtKVeYJ ,          2 , Light Up Gold
   157 , 23NIwARd4vPbxt3wwNnJ6k , 7p1ydiRQ7EOYgp4iWPdG3n ,         58 , Light Up Gold
   158 , 23NIwARd4vPbxt3wwNnJ6k , 4MdnAV4OHefdPxJFowPd3F ,         34 , Tally All The Things That You Broke
   159 , 23NIwARd4vPbxt3wwNnJ6k , 7d7tzfM52f8LobDgWFTylZ ,          2 , Tally All the Things That You Broke
   160 , 23NIwARd4vPbxt3wwNnJ6k , 0avLx0SWxt6VktnahOQnNb ,         32 , You've Got Me Wonderin' Now
   161 , 4kwxTgCKMipBKhSnEstNKj , 5Hrm31iC0yClUPK1h8pJMr ,          2 , Painting With
   162 , 4kwxTgCKMipBKhSnEstNKj , 04EajKw866bzJn3EW8HOdQ ,         57 , Painting With
   163 , 4kwxTgCKMipBKhSnEstNKj , 07ItttFbXOwyTMyDkaKgF8 ,          2 , Live At 9:30
   164 , 4kwxTgCKMipBKhSnEstNKj , 5oGTvMOfwjF0b4BMMDM3Lh ,         57 , Live at 9:30
   165 , 4kwxTgCKMipBKhSnEstNKj , 76m3B15YuLtp9GqUZpDhbL ,          2 , Spotify Sessions
   166 , 4kwxTgCKMipBKhSnEstNKj , 4YoqfKlpECNAbxnHov2RLl ,          2 , Centipede Hz
   167 , 4kwxTgCKMipBKhSnEstNKj , 6qufaM0wuJekJq8fkDCMGM ,          1 , Centipede Hz
   168 , 4kwxTgCKMipBKhSnEstNKj , 2psl2d5HvtI9zEkiP6rl5J ,         53 , Centipede Hz
   169 , 4kwxTgCKMipBKhSnEstNKj , 4D3ffUyeAqsRTnpW0YL3HD ,          2 , Centipede Hz
   170 , 4kwxTgCKMipBKhSnEstNKj , 2ubcpNSTp9ce6xhGEOJxm1 ,          1 , Centipede Hz
   171 , 4kwxTgCKMipBKhSnEstNKj , 2Uw36CvG7xxfhG137LsrIa ,          2 , Honeycomb / Gotham
   172 , 4kwxTgCKMipBKhSnEstNKj , 081NzJZb3ajhRQ8q5kAnnD ,         55 , Honeycomb / Gotham
   173 , 4kwxTgCKMipBKhSnEstNKj , 0l7D5yO4LCAyQ5Q9QljOU2 ,         10 , Fall Be Kind
   174 , 4kwxTgCKMipBKhSnEstNKj , 1edqqBM1L6WHR2zFkxgyD9 ,          2 , Merriweather Post Pavilion
   175 , 4kwxTgCKMipBKhSnEstNKj , 4DYEmgkeSH5EUsMu5Aqiiy ,          1 , Merriweather Post Pavilion
   176 , 4kwxTgCKMipBKhSnEstNKj , 4F4ykbsg5C8sL5WX364PvB ,         47 , Merriweather Post Pavilion
   177 , 4kwxTgCKMipBKhSnEstNKj , 02vTLsOXcSItxqbLMCsaRo ,         10 , Merriweather Post Pavilion
   178 , 4kwxTgCKMipBKhSnEstNKj , 18Q1HuPcwpd0OGREi5xvVQ ,         10 , Water Curses
   179 , 4kwxTgCKMipBKhSnEstNKj , 7hX14egelcEbu3NxDjseW7 ,          2 , Strawberry Jam
   180 , 4kwxTgCKMipBKhSnEstNKj , 6ZbMOLJwdzaWQMTHr10ilO ,         10 , Strawberry Jam
   181 , 2Co0mXhhgm8bAISHfj1fje , 6AVvE9pHC1Hee6YQxmolEI ,          1 , CoCo Beware
   182 , 2Co0mXhhgm8bAISHfj1fje , 0ne82fLz1IekjMfwJlTBLO ,          1 , CoCo Beware
   183 , 2Co0mXhhgm8bAISHfj1fje , 20uWTra0IiK3AQqcYAUonK ,          2 , CoCo Beware
   184 , 2Co0mXhhgm8bAISHfj1fje , 6rr7vToca3gOoxbjbXnjYj ,         59 , 80 West
   185 , 2Co0mXhhgm8bAISHfj1fje , 5PF8Fw1q1v4TDpZaAD4fsT ,         59 , Human
   186 , 2Co0mXhhgm8bAISHfj1fje , 7jx1PooDl3tT30c90TZET0 ,         59 , Never Going Back
   187 , 2Co0mXhhgm8bAISHfj1fje , 2eI9xaGZpljFw6nCGPgF2d ,          1 , Dine Alone 2011 Compilation
   188 , 2g3PKH7Z1Ofn5oGR6oDjLy , 3QhhOighHWz7tBHYxuhdvQ ,         59 , This Is the Sonics
   189 , 2g3PKH7Z1Ofn5oGR6oDjLy , 3FeFoMQnGxb8D9FKkCC5ES ,         59 , The Sonics Boom
   190 , 2g3PKH7Z1Ofn5oGR6oDjLy , 3VVx5IEpXPfGvYdJKWxcO4 ,         58 , Unreleased
   191 , 2g3PKH7Z1Ofn5oGR6oDjLy , 2EmUijeHFyILSHUC2kzxXv ,         59 , Introducing The Sonics
   192 , 2g3PKH7Z1Ofn5oGR6oDjLy , 0nYIZls7LGAQNyOz7YXBLE ,         59 , 8
   193 , 2g3PKH7Z1Ofn5oGR6oDjLy , 1ygM7njechtJ0Jh7jRfgkZ ,         59 , The Sonics Meet Charlie & The Tunas
   194 , 2g3PKH7Z1Ofn5oGR6oDjLy , 3ItLM4X6NL7mMHjShOGbDt ,         58 , Fire and Ice II - The 'Lost' Tapes
   195 , 2g3PKH7Z1Ofn5oGR6oDjLy , 5ZHqsDBcQcMysffhZh2XSn ,         59 , Busy Body!!! Live In Tacoma 1964
   196 , 2g3PKH7Z1Ofn5oGR6oDjLy , 66cN2taUchGqhqcA3SNdVe ,         59 , The Savage Young Sonics
   197 , 2g3PKH7Z1Ofn5oGR6oDjLy , 5joOZaTA1gkFmw0eLM8ASR ,         58 , Maintaining My Cool
   198 , 2g3PKH7Z1Ofn5oGR6oDjLy , 4vqaqoTEbNyeeSHJA6KpdM ,         59 , Here Are the Sonics
   199 , 2g3PKH7Z1Ofn5oGR6oDjLy , 2vTzgor8Z6TuAGwQ0Gbxbs ,         59 , Have Love Will Travel
   200 , 2g3PKH7Z1Ofn5oGR6oDjLy , 14lPy8dTlK1K7Kky0ks6ph ,         59 , Hardcore Henry (Original Motion Picture Soundtrack & Score)
   201 , 2g3PKH7Z1Ofn5oGR6oDjLy , 6RGXKoT7RqFLCjdHvTsNoM ,         59 , Hardcore Henry (Original Motion Picture Soundtrack)
   202 , 2g3PKH7Z1Ofn5oGR6oDjLy , 4RW47F16cw8YMebRpUov8y ,         59 , Hi-Fi Rock Fest
   203 , 2g3PKH7Z1Ofn5oGR6oDjLy , 5gxL1YPTDUtyUG2Qp3wVO0 ,         59 , Required Etiquette Vol. 1
   204 , 2g3PKH7Z1Ofn5oGR6oDjLy , 1j5r58GQOeWLAQDXU8946F ,         55 , Rock Dua
   274 , 34vLhockmYhf3LgznwyNaQ , 0UrDDTOre9XuD3xJHTFEJg ,         36 , Give You The Ghost
   205 , 2g3PKH7Z1Ofn5oGR6oDjLy , 0h7XkjOUAGcp4GZFOjd5Q3 ,         59 , Grandma Got Run over by a Reindeer: Essential Rock 'N Roll Christmas Oldies with Blue Christmas, Run Rudolph Run, Feliz Navidad, Snoopy's Christmas, I Saw Mommy Kissing Santa Clause & More
   206 , 2g3PKH7Z1Ofn5oGR6oDjLy , 5mDKLVh50pa306bjLABwoC ,         58 , The 100 Best Christmas Songs of All Time
   207 , 2g3PKH7Z1Ofn5oGR6oDjLy , 7lrqx7ImWuv9KlSDc6pVkB ,         59 , Merry Christmas - Sonics, Wailers, Galaxies
   208 , 50co4Is1HCEo8bhOyUWKpn , 2z4c8M8aVzl7CTobIp36KF ,         59 , Slime Season 3
   209 , 50co4Is1HCEo8bhOyUWKpn , 4Rj8KShBw1IrBW3A7wsEmi ,         40 , MigoThuggin
   210 , 50co4Is1HCEo8bhOyUWKpn , 4sAB9WulPpnAcig7alDGTg ,         59 , I'm Up
   211 , 50co4Is1HCEo8bhOyUWKpn , 3EV0E90ByGDGVryWPRDFNO ,         59 , Am I My Brothers Keepers
   212 , 50co4Is1HCEo8bhOyUWKpn , 3qIk608h23slt7KEqhEyj4 ,         59 , Young Thugger Mane La Flare
   213 , 50co4Is1HCEo8bhOyUWKpn , 6lGSCs2ppwn4wseWOFeqSV ,         59 , Money on My Mind
   214 , 50co4Is1HCEo8bhOyUWKpn , 2easSfCsevEay5EBqzJl0F ,         59 , Young Rich Homie Thuggin
   215 , 50co4Is1HCEo8bhOyUWKpn , 0BsMZIueWsJLWng8A7sE8e ,         59 , Barter 6
   216 , 50co4Is1HCEo8bhOyUWKpn , 6bUwhowqk2LEPEoMoCf7dm ,         40 , RG2
   217 , 50co4Is1HCEo8bhOyUWKpn , 1gZdsDcztt3HrrBbv1iQmZ ,         59 , All in a Day
   218 , 50co4Is1HCEo8bhOyUWKpn , 7a3rhn1csJY4CbdqcQsMcy ,         59 , Brick Sqaud
   219 , 50co4Is1HCEo8bhOyUWKpn , 1ohvUqk3WHrOnRWnwyA4X6 ,         24 , Ready for War
   220 , 50co4Is1HCEo8bhOyUWKpn , 6gALrQWLe3Z2cMMZvV4Dz7 ,         29 , Street Is Watching (The Mix-Tape)
   221 , 50co4Is1HCEo8bhOyUWKpn , 1hD8H7HDlzXtAuIqqlS6bs ,         58 , F Cancer (Boosie) [feat. Quavo]
   222 , 50co4Is1HCEo8bhOyUWKpn , 4YqXHbPtEXINS3CBtKfCyO ,         59 , Best Friend
   223 , 50co4Is1HCEo8bhOyUWKpn , 73mZIYSNmDjDYTHtTyrPQ5 ,         59 , We Ready
   224 , 50co4Is1HCEo8bhOyUWKpn , 5KmHLqummeGUiCexCkFEa4 ,          1 , I Know There's Gonna Be (Good Times) [feat. Popcaan]
   225 , 50co4Is1HCEo8bhOyUWKpn , 2ZsLZHZmUftfqoVzNBK6kj ,         55 , Pacifier
   226 , 50co4Is1HCEo8bhOyUWKpn , 2M2ELjUh4E5XhU4NserwE1 ,          3 , Pacifier
   227 , 50co4Is1HCEo8bhOyUWKpn , 6vmTZyjbatCavS2DOa2YR3 ,         53 , Furious 7: Original Motion Picture Soundtrack
   228 , 6nXSnNEdLuKTzAQozRtqiI , 4Pos6apHqnicixKgFXAvwc ,          2 , More Rain
   229 , 6nXSnNEdLuKTzAQozRtqiI , 1GBV6c27Ru1Y6Lw2xfPyMA ,         19 , More Rain
   230 , 6nXSnNEdLuKTzAQozRtqiI , 6eJ3AMNnCyzlc5vltlU5Rk ,         32 , More Rain
   231 , 6nXSnNEdLuKTzAQozRtqiI , 4dNsNK0rFtOtDHWZgrmSwx ,         19 , Transistor Radio (Deluxe Version)
   232 , 6nXSnNEdLuKTzAQozRtqiI , 0lrRzxdscrtQHGd8PUI8S0 ,          6 , Duet For Guitars #2
   233 , 6nXSnNEdLuKTzAQozRtqiI , 0930d2exi3078g6LEXGQCG ,          3 , Duet For Guitars #2
   234 , 6nXSnNEdLuKTzAQozRtqiI , 5r7zqQbuzqOQFY9QiJqgJy ,          2 , A Wasteland Companion
   235 , 6nXSnNEdLuKTzAQozRtqiI , 2G0TLuxIXVOHfS2Enfi7be ,         32 , A Wasteland Companion
   236 , 6nXSnNEdLuKTzAQozRtqiI , 6FKmm5bDYOF6tRqcVn5TS5 ,         10 , A Wasteland Companion
   237 , 6nXSnNEdLuKTzAQozRtqiI , 1ScNeSSQYsHf2q4Yv61TQE ,          2 , Hold Time
   238 , 6nXSnNEdLuKTzAQozRtqiI , 6VRxZUhefalxWw5i4sVmzw ,         55 , Hold Time
   239 , 6nXSnNEdLuKTzAQozRtqiI , 4C8AUW89DL5LE5ikBBm4sp ,          2 , Hold Time
   240 , 6nXSnNEdLuKTzAQozRtqiI , 3Vu8YczyyPsK0foZJOvtUL ,         12 , To Go Home
   241 , 6nXSnNEdLuKTzAQozRtqiI , 0Z0w3f7N8l09VQP9yg7pUW ,          2 , Post-War
   242 , 6nXSnNEdLuKTzAQozRtqiI , 0xKngIUOgfmdzAtUL25Ypo ,          6 , Post-War
   243 , 6nXSnNEdLuKTzAQozRtqiI , 0dGHgm63WE9dltjb9LcEsc ,         12 , Post-War
   244 , 6nXSnNEdLuKTzAQozRtqiI , 6sgGMu9HTAV1oCKpFMs9bn ,         55 , Post-War
   245 , 6nXSnNEdLuKTzAQozRtqiI , 78S5ASWTgRYroaeSmPLD1h ,          2 , Transistor Radio
   246 , 6nXSnNEdLuKTzAQozRtqiI , 1IstJ7p0o2mhhWGdCVr0mS ,          6 , Transistor Radio
   247 , 6nXSnNEdLuKTzAQozRtqiI , 5ftdVfvUX3IiGvMwjFDhYD ,         32 , Transistor Radio
   248 , 20DZAfCuP1TKZl5KcY7z3Q , 2azrcCM9HIS232wphRkTTG ,         59 , Nuclear Bonds
   249 , 20DZAfCuP1TKZl5KcY7z3Q , 6NmIDXatuZpqGwoVL7Jq08 ,         59 , Breathe
   250 , 462OdWtVKstcqagYhQOwFB , 5wOtw7wXc0g5IwSdjYWhsk ,         59 , Live at Joe's Pub
   251 , 462OdWtVKstcqagYhQOwFB , 56CZBNSeNSQO44XQRmkMca ,         59 , I Hope
   252 , 462OdWtVKstcqagYhQOwFB , 4GZx4JlXBmRZJHjVFvkReB ,         59 , White Elephant Holiday
   253 , 462OdWtVKstcqagYhQOwFB , 1qpjJoPf8Eecm02n1E4UHl ,         59 , Team (Originally Performed By Lorde)
   254 , 462OdWtVKstcqagYhQOwFB , 7zlCEmhDJrUzCREyT1Dq15 ,         59 , Another Tear Falls
   255 , 462OdWtVKstcqagYhQOwFB , 1c8vOBrWZQS7VGrSmMkmpk ,         59 , Top Hat On Fleek
   256 , 462OdWtVKstcqagYhQOwFB , 2T46DrPiNwn89DDfl8J48E ,         59 , Clubbin' With Grandpa
   257 , 462OdWtVKstcqagYhQOwFB , 4ewXRkOAxktwfQGjXWq0va ,         59 , Twist Is The New Twerk
   258 , 34vLhockmYhf3LgznwyNaQ , 2zNaWDoM7orUh3hA8hTnUZ ,          2 , United Crushers
   259 , 34vLhockmYhf3LgznwyNaQ , 2KQUvyOT0x55tZntvuIiHH ,          1 , United Crushers
   260 , 34vLhockmYhf3LgznwyNaQ , 2W3m4I8xVnGD50xAimLKME ,          2 , United Crushers
   261 , 34vLhockmYhf3LgznwyNaQ , 5U72GraWJ77TbdvnPi7oGt ,         47 , United Crushers
   262 , 34vLhockmYhf3LgznwyNaQ , 5hPKv6u48BFbPL2RuVnG5k ,          2 , Shulamith
   263 , 34vLhockmYhf3LgznwyNaQ , 69ukEu5KmJwVSpcXhQi3q0 ,          9 , Shulamith
   264 , 34vLhockmYhf3LgznwyNaQ , 1qcDMSbxECODcVFjzvFnEq ,          1 , Shulamith
   265 , 34vLhockmYhf3LgznwyNaQ , 0odW13pT1bqUj2ahO7V2Ie ,         47 , Shulamith
   266 , 34vLhockmYhf3LgznwyNaQ , 6TUDGHlbHnqxcSpNjUcPIS ,          2 , Shulamith
   267 , 34vLhockmYhf3LgznwyNaQ , 1VGXcVT8w68yccgW1JfdLu ,          1 , Shulamith (Deluxe Edition)
   268 , 34vLhockmYhf3LgznwyNaQ , 5tm0RB9FWNFjYegI1s13CS ,          2 , Shulamith (Deluxe Edition)
   269 , 34vLhockmYhf3LgznwyNaQ , 2v3yJJr6S6Si0UyGxIOaJa ,          2 , Shulamith (Deluxe Edition)
   270 , 34vLhockmYhf3LgznwyNaQ , 5q64xBujSBq1rHM7hjSdBm ,         54 , Shulamith (Expanded Edition)
   271 , 34vLhockmYhf3LgznwyNaQ , 02wdA2gdSqnPm1bwQGyTv4 ,          2 , Dark Star Remix EP
   272 , 34vLhockmYhf3LgznwyNaQ , 4gBdmXKSB1zXzyXcAcAWmw ,          1 , Give You The Ghost
   273 , 34vLhockmYhf3LgznwyNaQ , 2X8PG6xa98gSeiIuHm3Iyo ,          2 , Give You The Ghost
   275 , 34vLhockmYhf3LgznwyNaQ , 4PVZ5QoTvm2q509uNkwtyX ,          1 , Give You the Ghost
   276 , 34vLhockmYhf3LgznwyNaQ , 6KEMH6GYjU4qw2Jz8ezbi4 ,          2 , Starchild
   277 , 34vLhockmYhf3LgznwyNaQ , 1GdS9KnTrXe9w24scfkPN7 ,         47 , Lately
   278 , 0fWvSXbvztkeHEnEuYvU2A , 7g9g9pBaW9SqF2FvH795Xu ,         53 , Patch The Sky
   279 , 0fWvSXbvztkeHEnEuYvU2A , 2b1Ost0qyGdPkwqslZ2eke ,          6 , Beauty & Ruin
   280 , 0fWvSXbvztkeHEnEuYvU2A , 6mRpcOAReI0n7rVw25KXYP ,         24 , Beauty & Ruin
   281 , 0fWvSXbvztkeHEnEuYvU2A , 1Y4SnhJ0qALAVy2NYm5viY ,         30 , Beauty & Ruin
   282 , 0fWvSXbvztkeHEnEuYvU2A , 0kRaSPru41rY2dSUzEKmLE ,         32 , Live Mould (Live)
   283 , 0fWvSXbvztkeHEnEuYvU2A , 1egxeSVZPli3Fxo9bQ9sSv ,          6 , Silver Age
   284 , 0fWvSXbvztkeHEnEuYvU2A , 0KrxEGC2ODKZdrigGFDUQk ,         27 , Silver Age
   285 , 0fWvSXbvztkeHEnEuYvU2A , 6phG0XzVPXb1I6TjJmWt9Q ,          2 , Silver Age
   286 , 0fWvSXbvztkeHEnEuYvU2A , 581s8LfKuzV634Akl7lNPz ,         32 , Silver Age
   287 , 0fWvSXbvztkeHEnEuYvU2A , 3nMAuz0sZtZYTvYRq79Qgp ,         40 , Bob Mould (Hubcap) [Deluxe Edition]
   288 , 0fWvSXbvztkeHEnEuYvU2A , 5BJIeMBPNCJ6FzXl4bOZtn ,         40 , LiveDog98
   289 , 0fWvSXbvztkeHEnEuYvU2A , 4LkOZo9YZZHEu4TWGKYdTh ,          2 , Life And Times
   290 , 0fWvSXbvztkeHEnEuYvU2A , 4t3PuOijx6pskMYCGUfZKm ,          2 , District Line
   291 , 0fWvSXbvztkeHEnEuYvU2A , 0Wp4qjfq6KL6ls8Wwq72m0 ,         56 , District Line
   292 , 0fWvSXbvztkeHEnEuYvU2A , 0B1t0iRIA3EQrYydFce03b ,          2 , Body Of Song
   293 , 0fWvSXbvztkeHEnEuYvU2A , 4ypwXbX51mXppbg1CZsGue ,         40 , The Last Dog and Pony Show
   294 , 0fWvSXbvztkeHEnEuYvU2A , 2uklLQO66OBfnW3mBpfnB7 ,         40 , The Last Dog and Pony Show [Deluxe Edition]
   295 , 0fWvSXbvztkeHEnEuYvU2A , 03VJX4oNOqHOUYSNz37s15 ,         40 , Bob Mould (Hubcap)
   296 , 0fWvSXbvztkeHEnEuYvU2A , 4KvAN9LPOU7e3doLPDe239 ,         59 , Poison Years
   297 , 0fWvSXbvztkeHEnEuYvU2A , 6X7wrpHgbgBB3u2eMBFNuN ,         59 , Black Sheets Of Rain
   298 , 3OwOKwd5FsfOD5qlH2tnzs , 3XH2XOSyr5GsSJ0Dai80os ,         25 , Petals
   299 , 3OwOKwd5FsfOD5qlH2tnzs , 2lCFmFVo42blsj7pwKOWLf ,          2 , Petals
   300 , 3OwOKwd5FsfOD5qlH2tnzs , 1RpmN0aUSKxN4rwT90wxaL ,         59 , Sands of Now (Live at the Boulder Theater)
   301 , 3OwOKwd5FsfOD5qlH2tnzs , 1QkDU6RTGKept4bTNwN6za ,          2 , These Changing Skies
   302 , 3OwOKwd5FsfOD5qlH2tnzs , 4Z7eu51WNRi48l6fSFPYsb ,         31 , These Changing Skies
   303 , 3OwOKwd5FsfOD5qlH2tnzs , 5Vv5YRvCggnoEvpltDTcn7 ,         59 , It's Alive
   304 , 3OwOKwd5FsfOD5qlH2tnzs , 4ocUyCmK6KeFMku2I38POR ,         59 , Break in the Clouds
   305 , 3OwOKwd5FsfOD5qlH2tnzs , 2AS01I0bGvaa6UPtbB95j2 ,         59 , Elephant Revival
   306 , 3OwOKwd5FsfOD5qlH2tnzs , 0BshjSqGzjc5V9RNFhAGug ,          2 , Petals
   307 , 3OwOKwd5FsfOD5qlH2tnzs , 4i9RH42ldyGzV1NT9hITIh ,          2 , When I Fall
   308 , 3OwOKwd5FsfOD5qlH2tnzs , 0egdzptANHydX9qL2h4Mzu ,          2 , Peace Tonight
   309 , 3OwOKwd5FsfOD5qlH2tnzs , 5wkCDa8aAXdul8NyqQp2r2 ,         59 , Echo's Rose (Live at the Boulder Theater)
   310 , 3OwOKwd5FsfOD5qlH2tnzs , 2DcaCB1AxN9GKvZXALJRcH ,         31 , Remembering a Beginning
